snr_db,fg_frac,iou_vs_clean,best_k,tau,runtime_s,null_triggered,null_reason,gmm_mean_gap,noise_prob_spread_05_95,noise_prob_mean,noise_prob_hi_frac
30,0.07568359375,0.9999999999677419,3,0.41025394201278687,2.9827945430297405,False,none,0.8037301301956177,0.9600536823272705,0.7475630640983582,0.476318359375
20,0.077392578125,0.977917981041706,3,0.415629506111145,3.5476406960515305,False,none,0.8131201267242432,0.9600804448127747,0.7527099847793579,0.493408203125
10,0.07568359375,0.9999999999677419,3,0.409008651971817,2.751712369034067,False,none,0.8012571930885315,0.9601020216941833,0.745279848575592,0.405029296875
0,0.07470703125,0.9870967741617065,6,0.4090994596481323,2.9523256559623405,False,none,0.7971689701080322,0.96086585521698,0.7407350540161133,0.383544921875
-10,0.076904296875,0.8545994065028308,4,0.3801049590110779,2.994915342074819,False,none,0.7202099561691284,0.9600000381469727,0.6825367212295532,0.270751953125
-20,0.13720703125,0.43421052630864787,3,0.49567079544067383,4.276577456970699,False,none,0.4463607370853424,0.9600000381469727,0.6401108503341675,0.2333984375
-30,0.11572265625,0.21362229101836497,5,0.47863128781318665,4.243871675920673,False,none,0.4496498703956604,0.9600000381469727,0.6159108877182007,0.233154296875
-40,0.0068359375,0.03680981594979111,0,0.3552926182746887,1.4948655701009557,False,none,0.6705851554870605,0.9600000381469727,0.6242925524711609,0.24169921875
