snr_db,fg_frac,iou_vs_clean,best_k,tau,runtime_s,null_triggered,null_reason,gmm_mean_gap,noise_prob_spread_05_95,noise_prob_mean,noise_prob_hi_frac
30,0.09423828125,0.9772151898486781,2,0.6281108856201172,3.631088780006394,False,none,0.7436970472335815,0.9799945950508118,0.9092401266098022,0.894287109375
20,0.097900390625,0.985037406459226,2,0.6232205629348755,3.6392669600900263,False,none,0.7534612417221069,0.9799946546554565,0.9071094989776611,0.8935546875
10,0.10009765625,0.9634146341228436,2,0.6039195656776428,3.5106408420251682,False,none,0.7920644879341125,0.9799943566322327,0.9019278287887573,0.885009765625
0,0.115234375,0.8368644067619309,3,0.6190193295478821,4.284789894009009,False,none,0.7616554498672485,0.9799926280975342,0.8941454887390137,0.883056640625
-10,0.1171875,0.8229166666495226,3,0.7318364381790161,4.044182067969814,False,none,0.5358262062072754,0.9799830317497253,0.8983888030052185,0.8828125
-20,0.132568359375,0.7274401473162534,5,0.7509081363677979,4.08846467488911,False,none,0.4818617105484009,0.9797699451446533,0.8623524904251099,0.84912109375
-30,0.108642578125,0.5671641790938962,5,0.6651128530502319,3.937948558945209,False,none,0.4948650300502777,0.9600000381469727,0.7874512672424316,0.694580078125
-40,0.0,0.0,0,0.3924095928668976,1.8981100789969787,True,insufficient_signal_area,0.7448192238807678,0.9600000381469727,0.686083197593689,0.35986328125
